duration,src_bytes,dst_bytes,protocol_type
3.745401188473625,1007.1513513092362,1382.3578503059393,ICMP
95.07143064099161,55106.2928430791,26203.922309055983,TCP
73.1993941811405,87548.69191588802,90812.94889106159,TCP
5.986584841970366,3687.9019434068496,1322.77637926258,ICMP
1.5601864044243652,4052.1496245211038,1432.553658030292,UDP
1.5599452033620265,3328.038496882515,3821.0514858480224,ICMP
0.5808361216819946,3492.155166137477,2303.725228007646,ICMP
8.661761457749352,4261.058692670064,3905.881729080388,UDP
6.011150117432088,1323.3732434100111,420.29417206548766,ICMP
7.080725777960454,2498.182321851388,2489.098848999583,ICMP
0.20584494295802447,1183.926264916051,264.7066408980849,ICMP
9.699098521619943,4939.57323918357,407.00069693123714,UDP
8.324426408004218,4725.890764464405,4541.5435213876135,TCP
2.1233911067827616,293.19137570567887,782.3023184762163,TCP
1.8182496720710062,3557.3183453268734,2708.8613431485637,UDP
1.8340450985343382,4633.716755336763,2114.368452743462,TCP
3.0424224295953772,984.8191911239343,1801.9822986683291,ICMP
5.247564316322379,2882.9316297078844,4509.1833938676355,TCP
4.319450186421157,4585.892658181405,206.93464419989857,ICMP
2.9122914019804194,266.3352950704143,3352.5694622603864,TCP
6.118528947223795,3517.3593095095157,4820.632727646397,UDP
1.3949386065204183,1557.0101361254988,2844.8240989630253,TCP
2.9214464853521815,4629.541357344999,4690.43006396215,TCP
3.663618432936917,4858.185401310302,356.06360850151646,TCP
4.56069984217036,4726.905796655827,2152.0872634633906,UDP
7.851759613930136,2423.6496616215727,1374.7731757140507,TCP
1.9967378215835974,4324.008989847636,3681.022728405576,UDP
5.142344384136116,4238.292052821845,4908.355743436508,ICMP
5.924145688620425,1663.5923188919526,1356.9973059768142,TCP
0.46450412719997725,4161.685823338319,3305.455547222965,UDP
6.075448519014383,281.3374101059138,1070.6784005227266,UDP
1.7052412368729153,3021.72240456206,2870.1182474008883,TCP
0.6505159298527952,1227.043302709745,2373.2691847728474,ICMP
9.488855372533333,690.7777403086661,4862.826115194532,UDP
9.656320330745594,477.07068798312486,3081.7836362126864,TCP
8.08397348116461,3511.8150018028846,1812.581223225412,ICMP
3.0461376917337066,1765.387322463524,659.0693459508735,UDP
0.9767211400638387,3651.357180490931,841.1094608011794,UDP
6.842330265121569,420.2460699148176,1204.052956761052,ICMP
44.01524937396013,32898.453107399815,26594.732811349204,ICMP
1.2203823484477883,2743.5073326391525,4268.018683421576,TCP
4.951769101112702,3974.5435077109214,2849.991662584372,TCP
0.34388521115218396,1661.8872643671425,2664.6154657343955,UDP
9.093204020787821,3166.8677445413446,662.3674721591656,ICMP
2.587799816000169,4441.290966357317,4314.684497412231,ICMP
6.62522284353982,3117.729622093292,3641.7900857215704,ICMP
3.1171107608941098,1241.5014262928055,431.57497331000775,UDP
5.200680211778108,219.56382962703628,3568.3919764258667,ICMP
5.4671027934327965,4363.484482114556,2763.337264978966,ICMP
1.8485445552552704,204.22011316689697,500.45419415921344,UDP
9.695846277645586,4386.038196152577,2345.673143490417,TCP
7.7513282336111455,2691.791956733339,2475.01180693723,TCP
9.394989415641891,4701.431722713191,912.2952468000511,UDP
8.948273504276488,4014.0378552909606,4733.920920301383,ICMP
59.78999788110851,99797.54283226706,85297.58640510487,UDP
9.218742350231167,1818.4878957133797,3378.2094529126307,TCP
0.884925020519195,3859.222615762522,2365.2482489029753,TCP
1.959828624191452,2069.4614766852865,2117.6511537640918,UDP
0.45227288910538066,2451.3905394891535,3289.7699890396752,UDP
3.2533033076326436,3174.7767697700133,2772.6161600938367,TCP
3.8867728968948203,4381.01785951306,405.1382188212395,UDP
27.13490317738959,98440.17998153094,52225.2595794925,TCP
8.287375091519294,3864.539727936139,4051.3777244409134,UDP
3.567533266935893,2147.0572326199353,2350.2754002250945,UDP
2.8093450968738076,2164.6493111576438,354.5872300159152,UDP
5.426960831582485,3714.153277785568,3952.763176981762,TCP
14.092422497476264,25400.160285293627,21733.650649325493,UDP
8.021969807540398,641.3231543438338,1367.24209095139,TCP
0.7455064367977082,1837.648572439805,907.0611318182499,TCP
9.868869366005173,1507.4710591050004,1718.053817870338,UDP
7.722447692966574,1551.9097902343515,3808.0823778743115,UDP
1.987156815341724,1244.6779801445587,2644.990711569293,TCP
0.05522117123602399,306.2566292181732,1103.9182433384915,TCP
8.154614284548341,187.58228019372768,4401.367382945,ICMP
7.068573438476172,4939.8397097065545,4409.951089262493,TCP
7.2900716804098735,2196.0883553057256,4365.834282725434,ICMP
7.712703466859457,1983.2005710824403,1270.1014357695424,ICMP
0.7404465173409036,3430.271685196042,2311.072786486842,ICMP
3.5846572854427263,1169.4440505388145,4926.449315090288,UDP
1.1586905952512971,4754.809801356104,3882.861133918953,UDP
8.631034258755935,3953.090570636205,233.12036400524312,TCP
6.232981268275579,538.1139113300717,419.50249717641105,ICMP
3.308980248526492,2146.145801346149,2373.2637463804303,UDP
0.6355835028602363,4407.679707054607,4555.179008721645,UDP
31.09823217156622,94583.7381845582,54792.77619936599,UDP
3.2518332202674705,2390.2674051243616,2539.281289368022,UDP
7.29606178338064,3105.715807132468,616.8211297874899,UDP
6.3755747135521315,918.4663358511687,3318.222513149041,ICMP
8.872127425763265,4956.726268071185,4128.305486941104,ICMP
4.722149251619493,1235.1913367788727,1964.0580367870555,ICMP
1.195942459383017,4719.385693262116,3900.4980695341046,ICMP
7.13244787222995,3283.2685800626055,4825.935604113977,TCP
7.607850486168974,3077.9102949064095,1098.4556497256767,ICMP
5.612771975694963,2612.1737039808922,2664.3151928542325,UDP
7.70967179954561,1230.2820774170175,1506.9759946144202,ICMP
4.937955963643907,964.9873568269904,3984.986653265813,TCP
5.227328293819941,1180.3824244438592,2930.2074928176717,UDP
4.275410183585496,1013.5474845068471,3209.4538459964883,ICMP
0.2541912674409519,3919.963920477091,4009.779382117881,ICMP
1.0789142699330445,1815.6137699169774,2040.2553160460288,ICMP
0.3142918568673425,383.4291151606422,4583.941335194511,UDP
6.364104112637804,4848.602887689975,2711.8414495060856,UDP
3.143559810763267,4430.5508363207855,873.9786318932053,TCP
5.085706911647028,4645.986187656544,3509.905679027132,UDP
9.07566473926093,4975.048330967533,3986.9806171474465,UDP
2.4929222914887497,952.0867211754877,1652.1322176308806,ICMP
4.103829230356297,2041.5858926230278,4300.178359293889,UDP
7.555511385430487,3815.3685309500474,4540.101948352255,ICMP
2.2879816549162246,3510.501028463582,1456.8319881512637,ICMP
0.7697990982879299,854.0899410652898,4919.255216304588,UDP
2.8975145291376805,4097.5823124540275,789.4864874389162,TCP
1.6122128725400442,1199.7588019996372,1089.8767751722007,TCP
9.29697652342573,1196.706312630853,1002.7017122663281,UDP
8.08120379564417,2731.1746721777263,4480.549579038565,TCP
6.334037565104235,3005.4056807243455,3306.033506392313,ICMP
8.714605901877178,2942.4224184052746,845.3109877891371,ICMP
8.036720768991145,548.2855032489988,2257.58475000491,UDP
1.8657005888603584,4399.558226888864,3114.96032284203,TCP
8.925589984899778,1401.4402086846596,508.9740164479781,TCP
5.393422419156507,734.6231142857405,4423.84020519596,ICMP
8.074401551640625,4454.865591357988,4037.657323663522,UDP
8.960912999234932,4782.692341325792,2575.5131905255275,TCP
3.1800347497186388,4324.425324600708,4838.920414769935,UDP
1.1005192452767676,4066.6287661519027,2147.0287984479883,TCP
2.279351625419417,3310.6857051312063,4922.140563278839,ICMP
4.271077886262563,2799.2011159847825,3372.8079941377728,ICMP
8.18014765922493,526.2351235659097,3209.889238944313,UDP
8.607305832563434,2101.4207440464234,913.1789869493465,ICMP
0.06952130531190703,1926.1737333603385,4421.446015692755,TCP
5.107473025775658,1372.7935404255984,2194.699470811014,ICMP
4.17411003148779,3644.758557074066,894.9436883341489,UDP
2.2210781047073027,2529.791101885977,161.77684788121928,UDP
1.198653673336828,497.1264579474749,2842.8028498280746,UDP
3.3761517140362796,1178.8976895540754,2684.258148401114,TCP
9.429097039125192,3447.96794193202,3624.832749608877,TCP
3.2320293202075523,473.0412115024709,4462.26445978723,TCP
5.187906217433661,4270.913878838966,489.09226475084466,TCP
7.030189588951778,2526.217982368474,3684.3328026677755,TCP
3.63629602379294,2454.8742289005754,1018.3185260781529,ICMP
9.717820827209607,3002.7981448316364,4305.067560470104,TCP
9.624472949421111,4140.936733033232,4113.411217922115,TCP
2.5178229582536416,1804.265118720746,2749.8893994291675,ICMP
4.972485058923855,3422.2791475394115,3580.1897132542263,TCP
3.0087830981676964,2872.086623579376,1640.315554600367,UDP
2.848404943774676,1408.4385238301645,2408.7227047707916,TCP
0.36886947354532795,4405.286933140274,4126.020798781311,TCP
6.095643339798968,4007.3875058739477,2350.399466148748,UDP
5.026790232288615,3326.4139898262847,1853.2115000946649,UDP
0.5147875124998935,4267.850472561785,2521.6409915264694,UDP
2.7864646423661146,4349.741584703032,4158.4213369423705,UDP
9.082658859666537,3570.9785859036706,1742.5194321172764,TCP
2.395618906669724,4201.365308981993,951.4318063651446,UDP
1.448948720912231,3517.6101621794896,3588.8686996208257,UDP
4.89452760277563,3432.689781625472,4147.293242269601,ICMP
9.856504541106007,3131.195753254403,593.1236447653133,UDP
2.4205527151150044,3788.311533832442,1275.3831525041292,UDP
6.721355474058786,877.1650159360611,795.6627498288701,ICMP
7.616196153287175,4416.266720074749,1804.9129167526164,ICMP
2.3763754399239967,4372.033285951637,2306.719796636522,TCP
7.282163486118596,243.3116868693398,3769.249051120202,ICMP
3.677831327192532,4146.502077767337,3290.623165920203,TCP
6.3230583059357945,731.4623506198815,3142.5499806443127,ICMP
6.335297107608947,1742.0823858697952,1826.6372383873065,ICMP
5.357746840747585,3743.190455828878,4223.0930101153235,TCP
0.902897700544083,887.7234906367102,2409.3071202510064,ICMP
8.35302495589238,4108.038418183405,4897.614196274257,TCP
3.2078006497173583,4177.457471992935,3207.2964776491103,ICMP
18.651851039985424,51731.837908561945,14373.944673321268,UDP
0.40775141554763916,131.29077141248453,3413.2700541696267,ICMP
5.908929431882418,1506.4868525570726,1693.009675615325,TCP
6.775643618422825,3122.9419000411367,3463.0032637618774,ICMP
0.16587828927856152,4907.812272334375,441.2416259957881,TCP
5.12093058299281,3195.886282381675,956.919042162201,TCP
2.2649577519793795,1373.037547214383,4293.112568638353,UDP
6.451727904094499,3206.6279451880955,1213.179829415223,UDP
1.7436642900499144,2745.928360607692,4201.501513690407,TCP
6.90937738102466,3921.2424362406036,1468.452833426611,ICMP
3.867353463005374,624.2051302520962,3250.1213592876675,TCP
9.367299887367345,3829.036722259937,3501.337810198172,TCP
1.3752094414599325,2752.2062355129406,2612.0082904107594,ICMP
3.410663510502585,4818.660818909074,1596.0223158139834,ICMP
1.1347352124058907,1775.173613589562,1141.957444218371,ICMP
9.246936182785628,3199.847276356346,262.62783735588846,ICMP
8.77339353380981,4666.937716999086,1589.3373660795467,TCP
2.579416277151556,602.2976671543283,3300.497673603287,TCP
6.59984046034179,4692.41958745861,4697.693610397565,UDP
8.172222002012159,3470.6400392739856,4368.901963088955,TCP
5.5520081159946235,432.40158961534235,3853.717405022983,ICMP
5.296505783560065,1574.7214780393997,3963.3919819411635,UDP
2.418522909004517,3570.04323436188,3358.4260270323766,ICMP
0.9310276780589921,430.0179471969813,1375.4056020734147,TCP
8.972157579533267,2952.635254863739,4545.255650458566,UDP
9.004180571633304,1794.826979069488,3386.588328338587,ICMP
6.33101457273268,3142.486037060638,2846.1590918041557,UDP
3.390297910487007,324.135965681313,643.8483991460572,UDP
34.92095746126609,87410.60700293288,45811.44329302969,TCP
7.259556788702394,4870.095948969245,2355.7555288894387,ICMP
8.971102599525771,4847.501490899888,4336.361686661083,UDP
8.870864242651173,3773.2939755403313,2778.5762789201635,UDP
7.798755458576238,737.4225766400966,1963.9626899550074,ICMP
6.420316461542877,3815.4896600522106,4886.3216097022305,UDP
0.8413996499504883,220.4758906481274,642.5309072989468,UDP
1.6162871409461377,208.40540249208655,2170.4872987285285,UDP
8.985541885270793,1685.6900738327522,305.92090833988595,ICMP
60.642905965958995,49887.03265965724,74510.60383515917,ICMP
0.09197051616629648,3874.9963472581867,4598.575105775838,ICMP
1.014715428660321,3448.1473453718754,1472.1829147973983,ICMP
6.635017691080558,2284.923261246067,4305.874216315692,TCP
0.05061583846218687,1440.7706647801629,1531.869329263299,UDP
1.6080805141749865,4985.910050772784,4562.7737920551845,ICMP
5.487337893665861,2188.2883809562672,3794.4133276242414,UDP
6.918951976926932,2311.79641921541,4044.0432065230493,UDP
65.19612595026005,18035.13447678358,3764.642448844541,TCP
2.242693094605598,3994.566788874654,4817.770749662727,ICMP
7.121792213475358,3499.0429063292945,3660.687861144584,ICMP
2.3724908749680007,1181.7711026649258,1593.2803673920532,UDP
3.2539969815926773,503.6671235176292,4164.03385780835,ICMP
7.464914051180242,3434.446580166094,1479.4538722331567,UDP
6.496328990472147,3307.1049499775627,4376.493813874027,UDP
8.49223410494178,1438.9716822912258,651.6439130184914,TCP
6.576128923003433,4759.231455027011,3548.0612895578993,TCP
5.683086033354716,840.1836697264112,2749.4225355600606,TCP
0.9367476782809248,2218.440525108749,573.01890395766,UDP
3.6771580305943354,4723.718008821234,1285.279758468311,ICMP
2.6520236768172545,2156.6638529379993,160.77977775884247,TCP
2.4398964337908358,3228.7771435540194,2396.9630307760785,ICMP
9.730105547524456,2048.2125500176917,1576.199777724002,TCP
3.930977246667604,1443.654491508483,3031.951673059018,TCP
8.920465551771134,4921.490475003158,1556.4652577722243,UDP
6.311386259972629,2105.736630943711,1569.603646384225,TCP
7.948113035416484,4481.086098027758,3741.646673784857,TCP
5.026370931051921,1226.7775688663223,335.8998962939319,UDP
5.769038846263591,1144.2130497229082,4524.185476440737,ICMP
4.925176938188639,252.55700613410568,4276.092984516789,TCP
1.952429877980445,3293.167444341837,3372.242947809392,UDP
7.224521152615053,1905.7790842464296,3006.785693526183,TCP
2.807723624408558,4335.355424214222,4472.282240884296,UDP
2.431596643145384,48374.5708557726,20162.357593814017,ICMP
6.454722959071678,4844.1477967821365,486.9488947350602,ICMP
1.7711067940704894,1009.0750269452936,1273.5998325567368,UDP
9.404585843529143,4356.2535229824925,3993.433565630932,UDP
9.539285770025874,3905.3245786795346,269.8843069597683,UDP
9.148643902204485,3877.5170387558546,2955.753491909099,ICMP
3.7015870025544437,4239.437817772749,4977.6438293374185,TCP
0.15456616528867428,3829.0175556206946,4292.910859803943,ICMP
9.283185625877254,3168.479575993935,2655.0838763135885,UDP
4.281841483173143,743.0999006436991,411.8404555045475,UDP
9.666548190436696,259.3782795071344,4173.730220489979,ICMP
9.636199770892528,4612.154454296866,3034.9946900683317,UDP
8.530094554673601,3121.5865411516165,663.1716855918775,ICMP
2.944488920695857,4003.032725783264,559.9006956344454,UDP
3.8509772860192526,2459.4595224114955,4557.171415239302,TCP
8.511366715168569,674.8101259157329,3379.0812883965846,TCP
3.1692200515627764,713.4103817924971,4163.505316652102,UDP
1.6949274668609249,3459.2699074219595,4406.99661138311,ICMP
5.568012624583502,2208.4988850073673,2901.6845250367787,TCP
9.36154774160781,1082.5711608316499,2635.487123599702,ICMP
6.96029796674973,2508.8132790330405,2209.094310572852,UDP
57.00611700893649,8292.47583336314,33060.76560352969,ICMP
0.9717649377076854,2951.659869380554,2229.5202082076876,TCP
6.150072266991698,1418.0676817319786,3892.010313077766,ICMP
9.900538501042632,4008.039593122222,3049.4248119741446,ICMP
1.4008401523652403,1620.7735987255114,4473.364120778746,UDP
5.183296523637368,2330.5787305008257,2272.5620704580197,UDP
8.773730719279554,156.9406455496931,3074.738935721895,UDP
7.407686177542044,454.9897501933385,3193.4070101507446,TCP
6.97015740995268,2023.2184263927556,2999.316095300995,TCP
7.024840839871093,2451.7002901139053,3542.90548811903,UDP
3.5949115121975517,3040.100685784588,1263.4239950365507,UDP
2.9359184426449336,1529.146635675586,2610.5825099743743,TCP
8.093611554785136,3505.4112420200586,610.7015337609037,TCP
8.101133946791808,4314.5997462271025,1984.1055054595815,TCP
8.670723185801037,3921.269845577414,2489.5686362441957,TCP
9.132405525564714,294.13224420695,3295.8988717728153,UDP
5.113423988609378,2454.4840415633616,4757.602157672397,TCP
5.015162946871996,614.1578742490568,3043.1902260869438,UDP
7.9829517896677515,1286.0205777263845,3743.610189265143,ICMP
6.4996393077776515,4934.6467070090175,2580.7036915264935,ICMP
7.019668772577034,798.2281602174148,3207.1097537440232,TCP
7.95792669436101,2544.5519519116447,447.5678590554898,ICMP
8.900053418175663,3128.9630981587834,1346.5187461250503,ICMP
3.379951568515358,3542.0783556661095,1873.0801567051797,ICMP
3.75582952639944,2842.278549085879,2415.2174395319166,TCP
0.93981939840869,147.87715235399992,323.6788529616803,TCP
5.78280140996174,1699.6604103955603,786.1180780112567,ICMP
0.35942273796742086,2636.787052585086,1456.3901081773984,UDP
4.655980181324601,530.5458458096834,4860.510185415148,ICMP
5.426446347075766,1818.0719629249857,1723.6003348049487,TCP
2.865412521282844,262.6952330776962,2462.001184749204,TCP
5.9083326056901075,485.03463605960167,1060.8787924181254,TCP
0.3050024993904943,2044.9240533878208,3092.8223482712647,ICMP
0.37348188749214417,750.3071948109957,1475.347756028274,UDP
8.226005606596583,2880.950156481635,1114.2636343482914,TCP
3.601906414112629,3478.3783487726023,2631.2058793852975,TCP
1.2706051265188478,4022.874825634506,126.97841588606202,ICMP
5.222432600548044,1080.7361967995694,137.5537599812041,UDP
7.699935530986108,920.6646530694418,1173.4371645991032,ICMP
2.1582102749684315,612.3824176385613,279.9346762540236,TCP
6.228904758190002,3218.50822276382,629.3261952403877,UDP
0.85347464993768,3561.731059785816,1760.4171817598829,UDP
0.516817211686077,254.77210964564597,4032.669829941083,TCP
5.31354631568148,4687.44000659408,2903.038352509574,UDP
5.406351216101065,354.6592898922148,2612.0718571864404,UDP
6.374299014982066,2752.3520429752452,1538.095233719796,ICMP
7.260913337226615,3574.3965453094906,4665.5932252208,TCP
9.758520794625346,4367.748706355819,2045.373702062239,TCP
5.163003483011953,3599.025967448896,526.7545572992803,TCP
3.2295647294124596,4028.46760704198,3123.625928977226,TCP
7.9518619476870365,1763.3059434597496,657.8081280353468,TCP
2.708322512620742,4092.64305735791,1791.5933997282912,UDP
4.389714207056361,492.5627472849082,2586.3184997172634,ICMP
0.7845638134226596,4484.601614696586,4383.690370957362,TCP
0.2535074341545751,2783.2026431533077,2518.3782436665815,ICMP
9.626484146779251,4104.7590728162195,3541.067953555155,ICMP
8.359801205122059,2316.3595941396707,4964.802511095445,UDP
6.95974206093698,3253.5307064629724,744.2966875001099,TCP
4.089529444142698,2679.373038586955,1446.1844750456455,UDP
1.7329432007084578,3684.788656601126,2033.4227704284674,TCP
1.5643704267108605,499.9869119498889,2166.9580748402736,UDP
2.502428981645953,395.7252115537626,2114.0032688011743,ICMP
5.4922666470612045,1310.8058466497175,4547.293912527119,TCP
7.145959227000623,881.7689325546229,3598.7599578875966,ICMP
6.601973767177313,4371.739476301788,3078.7355490444484,ICMP
2.7993389694594284,1174.1485380544173,1615.9263175276321,UDP
9.54865280663194,4881.739753513743,4136.572882684344,TCP
73.78969166957685,35015.78759356847,95595.93012552892,ICMP
5.543540525114007,992.3777868746265,4123.87158449611,UDP
61.17207462343522,79390.45369996295,2153.3803087643446,TCP
4.196000624277899,3327.6680999542928,3218.3667138986943,TCP
2.4773098950115746,2541.159010620381,350.56336906629355,ICMP
3.559726786512616,2821.281399594393,1362.2753796352372,TCP
7.578461104643691,3624.0887135340927,391.67103170408126,ICMP
0.14393488629755868,1219.4282325233637,3058.597719452,TCP
1.1607264050691624,4982.036188678036,3464.290576113773,UDP
0.4600264202175275,4876.486494519238,660.9894265229351,ICMP
0.40728802318970136,3286.5958630999908,1980.8105269203995,ICMP
8.554605840110073,1077.758009552811,2335.558893882156,TCP
7.036578593800237,3433.1183879133273,1908.3598066284912,TCP
4.741738290873252,453.77220399796164,693.0225023774459,ICMP
0.9783416065100148,250.19726080844973,2152.8441719186294,TCP
4.916158751168323,1362.646153704947,3780.7724342612487,UDP
4.734717707805657,2366.85248802265,447.9375562129518,TCP
1.7320186991001518,4354.535276501065,492.8820690013269,UDP
4.33851649237973,3663.1284418549094,1838.3793299963227,UDP
3.9850473439737346,3739.261953879907,4714.455986932733,UDP
6.158500980522165,2184.9173387955693,3376.0059689422787,UDP
6.350936508676438,1795.0814634801184,3425.4827876955674,UDP
0.4530400977204452,1918.0899386245533,1873.4079551055383,TCP
3.746126146264712,4939.482862306683,3008.9378769218383,UDP
6.258599157142363,296.5350379211642,149.64280173594256,TCP
5.031362585800877,4348.454330999998,3216.8706274067567,UDP
8.564898411883222,2935.509502004728,4575.10604312356,ICMP
65.8693631618945,44984.311080579864,62032.19989779228,UDP
1.629344270814297,3653.762536034169,4381.12310798509,ICMP
0.7056874740042984,2484.677812981044,3647.46797178386,UDP
6.424192782063156,4379.773866600137,690.7362403780822,UDP
0.26511310541621813,4513.439133655167,4522.021205700625,UDP
5.8577558127346325,2166.4325416799315,425.5748373432969,ICMP
9.402302414249576,1456.4562064517527,2716.4406154840426,ICMP
5.75474177875879,3002.516610107475,796.4719065879426,UDP
3.881699262065219,4570.5803935217855,157.36239258142993,TCP
64.32882184423532,22644.894522555325,43359.35749250863,UDP
4.582528904915167,3152.5362594610656,1545.6994675053656,ICMP
5.45616789315935,3194.645078453351,2481.4024196082546,UDP
9.41464808776525,3692.253809834877,2928.279444999299,ICMP
3.8610263780077423,744.681657123573,314.3214543138421,ICMP
9.611905638239142,3607.542326942234,702.7161461063537,ICMP
9.053506419560637,4554.259351261641,2837.347742607084,UDP
1.9579113478929644,980.4472334641856,1781.5200305460253,ICMP
0.6936130087516545,1263.9622921270004,3672.950088992295,ICMP
1.0077800137742665,4859.835960804034,3296.2290781005045,UDP
0.18221825651549728,986.7870682764999,4243.461378650543,ICMP
9.44429607559284,85729.73915021875,69864.29701358409,UDP
6.830067734163569,2512.1614965953704,2206.662279211726,ICMP
0.7118864846022899,1311.4322645755676,3397.5364497327187,TCP
3.189756302937613,4366.674516235305,1449.3677538515508,TCP
8.448753109694545,2281.995749513061,1600.936144013242,ICMP
0.23271935735825866,2622.6050342554818,3966.0272836118875,TCP
81.44684825889358,37204.87020117704,45749.112607355055,UDP
2.8185477477339993,3005.4591720311446,4012.063668539927,TCP
1.1816482762165625,901.2669756666115,4129.869630974565,ICMP
6.967371653641506,2016.2995295936275,4302.05545454029,ICMP
6.28942846779884,4850.120379442908,4591.512655621916,UDP
8.77472013527053,1364.853820235525,2211.8275805151516,ICMP
7.350710438038858,3318.0096562523318,1662.4474097735804,UDP
8.034809303848485,1693.4313147010048,2952.7738583111577,TCP
2.820345725713065,3890.018315864343,1918.744874844375,TCP
1.7743954377972282,741.2809375199141,3045.2634173211413,UDP
75.06147516408583,97042.46241769739,71147.41453909481,UDP
8.06834739267264,2323.5687527798323,3473.184590611471,ICMP
99.05051420006734,25132.945407953466,38706.18292797189,TCP
4.126176769114265,460.134061917062,917.6149883238888,UDP
3.720180857927832,931.8137349289497,2209.593758464817,TCP
7.764129607419968,2646.8923479244863,798.7113060013528,UDP
3.4080354025301784,1751.315564513303,4461.475472400661,TCP
9.307573256035647,4161.528492824787,1794.7995576155013,ICMP
8.584127518430119,2211.348865942849,856.8527613942865,TCP
4.289940273750183,1318.6999356793865,224.6940235381793,TCP
7.508710677914974,3124.0104343597473,3264.529692803773,TCP
7.545428740846823,3563.2083627386846,3220.821355528242,TCP
1.031238688359326,918.5053487146544,1768.9604162483292,TCP
9.025529066795666,921.3341598127565,451.3882553534899,ICMP
5.052523724478571,279.68999197436057,2107.181584986637,UDP
8.264574661077416,3708.3698738216385,1624.9657258106286,TCP
3.2004960103061175,3352.642185346845,3417.891134701546,ICMP
8.955232284962005,2425.691291174088,3068.3183223181827,TCP
3.892016787341631,4236.435199949066,1886.509268167946,TCP
1.083765148029836,80955.6749891052,23353.470316989027,UDP
9.053819764192637,2968.2363855440854,4941.3762341624,TCP
0.9128667678613356,4354.529274514967,2324.6079438609627,ICMP
3.1931363759041487,1108.6219291801644,3472.5437553231613,ICMP
9.50061967050805,648.4061350488666,788.7095411339678,UDP
95.06071469375561,28435.461928664983,49587.790566620984,TCP
5.734378881232861,379.7255948376428,234.92992736038087,ICMP
6.318372121697992,2702.7306872050567,2576.730077761205,TCP
4.4844552197831975,4689.367892245311,4823.685294876742,TCP
2.9321077169806453,292.7833492756973,1982.612893630421,TCP
3.2866454536991596,698.3385786491314,291.0804616170668,UDP
6.725184560770384,2315.775238588833,251.6833755047833,TCP
7.5237452943768,4675.987585886734,2001.1351237396605,ICMP
7.915790437258485,1649.1649143860775,884.1221886696508,TCP
7.896181427945539,2585.450562573123,214.42527200811097,ICMP
0.9120610304869037,303.70700934692127,3805.4467083558666,TCP
4.944203047025814,826.8816847142355,2346.7627435212644,ICMP
0.5755876001664428,4934.48760249835,1517.2993826660072,ICMP
5.495288823237355,4829.081612536623,4510.407596780756,TCP
4.41530501373377,124.20590657860711,669.0809049825755,TCP
8.877041827582998,4763.877748573871,4784.002261881064,ICMP
3.5091501255207866,3231.687695295952,1638.436915149029,UDP
1.1706701642760586,4352.799643148109,4453.177994312538,TCP
1.4299168205283586,2328.2252926059095,3054.4200947493614,UDP
7.615106317174723,2626.420540038326,4150.866062733288,TCP
6.182180633162611,2495.348243258909,4921.664499731275,TCP
1.0112267612279024,3367.6348619759115,1513.1866453118541,TCP
0.8410680611499743,784.2911483059332,4809.563878497205,TCP
7.009691314591199,246.87059037612198,2008.4612850218598,UDP
0.7276300636419353,1608.8567137968355,1989.0083332109193,TCP
8.218600592903563,3552.935737409569,1767.8968108470779,ICMP
7.062422271564962,1089.081915402447,2752.8972760031675,ICMP
0.8134878064189976,3399.818923292095,855.3107115745868,UDP
0.8483771408519192,4852.569025925625,2813.186278254255,TCP
9.866395785011754,560.1135073681501,2754.3535808090196,ICMP
3.742707957561203,3395.7503793031187,3833.318881763863,UDP
3.706421470668909,2274.3760745923987,4184.884813494169,TCP
8.127995672575025,4353.897046449776,2258.1626165308776,ICMP
9.472485773838587,968.0339682921909,1581.4329218223193,ICMP
9.860010638228708,3493.867165908206,1370.740996853763,UDP
7.533781852589416,4206.76491927574,1053.6567998538726,TCP
3.762595855309158,4728.609675422714,382.47315277522193,TCP
0.8350071669866876,3447.9153386192643,1777.9950962900953,ICMP
7.771469159274368,2536.156343641294,1424.213691440838,ICMP
5.58404249735805,3127.451476985948,4835.445190745396,ICMP
4.242220092469763,4357.634423945719,2832.7732486252153,TCP
9.06354385094736,2895.9877585302656,1801.657491249487,UDP
1.1119748230615134,248.8965925145006,2944.2912448691104,UDP
4.926251042908591,4661.648607984192,782.063836593908,TCP
0.11353644767419069,3478.6810800546496,2275.8143710907943,UDP
4.6866064199412625,3414.915590308508,3168.5481749632127,ICMP
0.5630327568183735,1156.808246748814,2495.599375783012,UDP
1.1881791626807192,3328.53880414002,2068.716123206189,UDP
1.1752624677710488,2029.9355877053765,4969.857105608521,UDP
6.492103021160636,3291.0415875033113,4413.542334529742,ICMP
7.460448792654233,622.3058485091545,3154.6891949812566,TCP
5.833687650971596,3323.4419925548764,2889.9490697931856,ICMP
9.621725484745419,4997.127256276266,3141.236351140462,TCP
3.748705795237041,336.2389904167245,1086.429328329923,TCP
2.8571208628186073,4888.153502684455,2036.1749419951611,TCP
8.685991281894603,2093.849007542066,293.35171116540664,UDP
2.235958385194526,4366.69190665257,2430.175583685451,UDP
96.32225394406113,78673.7774377108,55216.40922785099,TCP
0.12154474689816341,2878.379678834672,1215.9737069057269,TCP
9.69878826707639,3718.4011253314998,4823.741351111017,UDP
0.43159911950576113,4404.726250376605,4556.327593592486,ICMP
8.911431136980712,2080.2875760900615,3638.501853733939,TCP
5.277011090862999,1702.4624916598696,2713.5944809502766,ICMP
9.929647961193004,3371.2075892615653,4362.848882273656,UDP
0.7379656473539886,4058.445115512167,740.1964847349683,TCP
5.538542844013207,3835.197160405417,3973.4979919469365,ICMP
9.69302535619099,4009.286879407309,711.6219884375566,ICMP
5.230978441701488,2234.3582425833715,3991.632246492087,ICMP
6.293986381352625,4107.387659257605,1451.2610844316491,UDP
6.957486889846171,689.0243713159814,4397.743846989126,UDP
4.545410647677732,2767.9965800081627,4725.80625974445,ICMP
6.275580800840634,128.2174364407957,829.1002500850666,ICMP
5.843143119231002,1690.4705665113245,2367.110464820428,UDP
9.01158010490989,1895.6615208698495,4906.838152997157,ICMP
0.4544638034145787,2041.2461888853513,2468.6964362684184,ICMP
2.809631895922303,3507.7893127803245,4331.382860321271,UDP
9.504114840765588,2003.934696224694,2984.7844584434674,ICMP
8.902637838909163,2298.5987508504004,1939.1165488060492,ICMP
4.55656752785713,1263.9662412842047,1500.339422076764,ICMP
6.201325978015367,1928.9337789837664,1095.7931463218276,UDP
2.7738118298113266,1213.6211735894422,3832.811137750716,ICMP
1.881211597237613,458.66002646537385,1994.0484834328365,UDP
4.636984049399821,3056.8981075687516,2605.249764783681,UDP
3.533522280260528,3374.24271291958,2512.3948520057916,TCP
5.836561118508721,3135.502695447111,2928.667243242343,TCP
0.7773463696498484,2371.1208146228046,4341.328013560306,ICMP
9.743948076661665,1960.9503228782262,4905.622783558804,UDP
98.6210744479603,86606.69765803887,41943.252440234064,TCP
6.981617140197452,2643.5007471674685,4154.842718320885,ICMP
5.360963663441204,2447.9912003856816,3846.1861938081165,TCP
3.0952761628632777,225.64612245153486,2910.291862132309,TCP
8.137950197069486,1772.1143553681661,4784.631003698472,UDP
6.847311725538793,1962.9585320506997,1082.3251260891736,UDP
1.626169393448913,2054.2316263948123,635.394630517145,TCP
9.109271844938425,2942.8446092139284,4284.413638081569,TCP
8.22537242923169,2714.652478961704,2251.8341015053666,UDP
9.49799913291924,3078.7349546878786,4250.147385614597,ICMP
7.2571950838836,3847.9279815564287,4476.142005457533,UDP
6.134151959357899,4083.630119708858,406.04220873345,TCP
4.182430362906189,3618.8030735098228,4428.977338631697,ICMP
9.327284833540133,4782.06611017918,2296.7633713101686,TCP
8.660638895004084,189.339655114172,2601.119196120738,ICMP
0.45218670106189407,1059.3121298493759,3170.30330435673,TCP
0.26366974497252005,137.0580873928964,4639.2747729774255,ICMP
3.7646336687804958,3272.6260993575547,193.66886270584376,ICMP
8.105533307818328,4500.349689854936,2436.5329947573036,TCP
9.872761293149445,1293.0632532238665,3469.8380079097474,ICMP
1.5041689110352818,4642.469269501903,3641.2640927213192,UDP
59.41307153521351,7906.204248376963,69868.17829063658,TCP
3.8089085663102153,4678.73653134702,758.7321340997971,UDP
9.699143978146033,1822.9511674742087,1567.0383830212381,TCP
8.421189231357086,596.9620594011609,1857.706074543366,ICMP
8.383287047111379,2480.7716200129958,4041.7423176295747,ICMP
4.686931597949703,1358.205181830489,1465.9233748313097,ICMP
4.148195023376652,1495.8772196134219,1132.4543229492956,TCP
2.7340707193070624,1605.720828138804,4791.495293286671,UDP
0.5637549665092711,4034.8268993800507,143.4300970559976,UDP
8.647223762550531,2741.890255708747,4989.322192841693,TCP
8.129010091300776,1625.407725864418,3416.4243644012386,TCP
9.997176732861305,3090.6355382235,4159.499567300674,UDP
9.966368370739055,3609.1383036936486,1543.6350420963465,UDP
5.5543170560262745,1435.8576035943154,170.1448605685939,UDP
7.689874151805105,2126.3905974742224,3715.560640951497,UDP
9.44765729882428,697.241857351043,4187.308525303311,TCP
8.496473906774115,987.6318127199336,3728.333046572244,TCP
2.4734810174319763,3437.4774844284157,799.9664077741091,ICMP
4.505441353100935,989.047903708572,3791.7968190591487,UDP
1.2915941515149498,2673.300579968595,3867.7216323274406,ICMP
9.540510272587223,3574.32668243992,3326.848526783269,TCP
6.0617463445088005,623.6969231642448,3853.9680706983722,TCP
2.2864280550346274,2879.8298761816272,4245.015054420887,ICMP
6.7170068440585675,1357.1576401366824,3106.6601597635463,UDP
6.181282404578958,4818.341688664141,534.1630984514275,UDP
3.5816271803284048,2469.373668927631,2489.376267369333,UDP
1.1355759219962902,4049.3634938982746,480.4817398908648,UDP
67.15731955927996,55922.201131313646,41939.21704117821,ICMP
5.2030770090379335,312.7214109886139,2094.821796715575,ICMP
7.723183917356393,3202.4417404107094,423.44823628718376,TCP
5.201635011119934,4761.876376812619,1809.2206164504487,UDP
8.5218150031854,3047.897918717023,643.8906840774426,UDP
5.519068387744856,4114.025411191272,4060.3525290451885,UDP
5.609379715353863,4432.611670407198,4743.671327225907,ICMP
8.76653602658345,1217.590882549769,454.35072876389916,UDP
4.034828662123971,1139.0197155503106,4780.064515729337,ICMP
1.3401522845064073,3093.8068453698593,2660.6253367500512,UDP
0.28782676313338973,2114.039502052853,1567.8718219739822,UDP
7.55137255673619,4215.32038404693,476.6241688532012,TCP
6.203095513534647,4510.113304650255,2553.0589135450473,UDP
7.0407976809922355,1831.7647585833188,3993.1261680046687,UDP
2.129641615089107,1260.665738974962,3564.723738606821,TCP
1.3637147558676976,3924.575024694923,346.1074561734714,ICMP
0.14544665667881929,1446.549574185867,457.2189933027272,ICMP
3.5058755880659698,4130.810160717025,2074.079084899922,UDP
5.899176868546331,2176.317442878938,1546.9234208349221,ICMP
39.224404509973226,67419.8901305641,24773.663659492686,UDP
4.374749220237291,568.123037789874,1476.9220446526965,TCP
9.041586944937483,3156.910690915208,4037.0654421547347,TCP
3.4825546702330037,2313.6616258124227,4653.217462796084,UDP
5.139894891598108,2974.381469559823,2085.0032031850756,TCP
7.8365301274114305,923.2696179498307,4539.943910449236,TCP
3.9654278232127016,3710.681350226492,1675.3289361146217,UDP
6.220867002278735,4327.705679961819,2434.541233084579,UDP
8.623637087467452,1162.0250204448007,1207.5420892983987,TCP
94.95206236576422,11380.02644097585,64766.65213323271,ICMP
1.4707348092903794,215.82907162704834,4897.007464356564,ICMP
9.265876251614944,3245.6603521720035,3057.1161706125554,UDP
4.921162930795382,3074.760776835026,1853.2890121563894,UDP
2.5824438829895833,2778.817322298943,3274.305485353589,ICMP
4.591357562382613,1236.5407709682795,702.3113244803991,TCP
9.800325752854771,2015.4393799370218,4454.429493300453,ICMP
4.926180939928696,3012.934042412248,2565.1113588211983,ICMP
32.87516102875082,50683.152168198605,46036.274719884925,ICMP
6.334008543167258,4940.149049052948,2970.737463422244,ICMP
2.401456187781931,768.5547875279923,3161.440927668072,UDP
7.586332810866391,70124.16629666419,9034.029010198277,UDP
1.2887972191064923,2081.1619637110316,3444.8243839946717,TCP
1.2804583895777244,2198.1781131355124,1285.465233546095,TCP
1.5190269351229435,3616.2290517250635,3598.36789928229,TCP
13.882717264941014,69858.74282978823,82608.40984965129,TCP
6.4087474480321465,4957.154369140722,4039.3966870073496,ICMP
1.8188008439914483,729.1320183252136,2807.2547402986565,UDP
3.456672833238632,610.1372819824151,2648.8324723226806,UDP
8.967884099060118,3649.2602039308317,800.0922105631174,TCP
4.739616402628723,2934.0958933314046,3899.1961369753644,TCP
6.675577385210271,1443.3872661430487,1429.9059641889005,ICMP
1.7231987120162984,489.1549080460344,2533.807571807938,ICMP
1.9228901880867078,519.7254230225096,1492.943055344832,TCP
0.40868616266478863,4481.535285854179,755.7589786984964,UDP
1.6893506307216455,1040.1498911218403,3184.832714769509,UDP
2.7859033903195862,1684.5206543660518,366.22697063222876,UDP
17.70104842767468,24212.327418244826,75367.2329443676,TCP
0.8870253375705561,1839.4818985764928,1656.1752967794716,UDP
1.206358711006008,440.1768294558575,100.65999572197806,ICMP
4.607787680327258,2643.392975450525,2604.532782262426,ICMP
2.063337184057925,431.301561601853,329.5743517852553,TCP
3.6426986104807546,4021.7468883295714,1453.2308333224073,ICMP
5.034172708548569,1245.1892013611218,3564.1847885330094,TCP
6.903948286293653,2746.058381562102,407.17914594714273,UDP
0.39312139841098936,4412.387529051145,4212.758612544411,UDP
7.994103989090426,3289.2991083312513,118.71762102705723,UDP
6.279003894909078,2711.493154101543,1309.436959089321,ICMP
0.8175903194887191,1689.2353902653404,3730.42987514515,TCP
8.735786241067773,1731.7093739851698,1649.7237336736032,UDP
9.208724005318132,3380.4860804711316,599.2727015234664,TCP
0.6107795985486375,4971.282869983721,1865.1462021220966,UDP
2.7687764814720373,3343.0120302619553,1424.927103284175,ICMP
8.062012797930613,2833.1387451131222,4229.288320586719,ICMP
7.482596903836583,3680.187500172306,1635.4047961672013,TCP
1.8452101935637732,2379.507500190219,3965.7691117024356,ICMP
2.093493233367103,394.69747874384757,4470.1735095726,ICMP
3.70472102791382,2855.254397801758,2225.705355924995,TCP
4.845229851910213,4792.363894076363,4558.721404886521,UDP
6.1825477153029595,958.9844175525322,1948.8584644196449,ICMP
3.689136395697724,3481.023965021262,4823.98424080153,TCP
4.625347161331479,1084.5750744293769,537.5186701753073,ICMP
7.474709381337565,2725.5556539180984,3466.3944058658894,ICMP
0.366832028905979,573.7146032689261,2519.6887982389503,ICMP
2.5243694434402073,2306.817587665107,1999.4791467326706,ICMP
71.33495858845524,76104.0062317341,64005.76411736289,TCP
8.952068376871994,1803.1004687710122,3548.899749008223,TCP
51.167744211566614,67161.34899974737,2427.6004257302907,TCP
5.321134852653157,3997.704807869673,918.0701348612737,ICMP
1.0717201133977605,4643.171315449318,3593.9256481081616,ICMP
4.474123668234546,1249.7462010917225,3365.2885265332116,ICMP
5.326172664550231,2056.6479874656097,4833.632775130518,TCP
2.4247050363472966,846.8384653190454,3829.0851722288367,ICMP
2.6924323094938094,4963.169160576039,4758.786267883556,UDP
3.7728416310462265,4642.304742829047,3542.4484575205543,ICMP
0.20071197777726368,2745.789938374742,1560.4558223332715,UDP
3.220791655831783,4225.963142444464,616.2881190291968,ICMP
2.1144800699654462,2652.6940886330067,3930.9369303901844,TCP
3.2749735217791462,3155.5698712135227,3256.331185231988,ICMP
1.1976213181925122,536.7097173684814,336.11146072715155,UDP
8.90527280739895,3800.825060434359,1864.247282914794,UDP
5.935924535540487,725.7960698126507,4788.319095873002,ICMP
6.791023191444896,4147.731388237389,2551.965613979986,UDP
7.891712386073383,3931.937629584891,2220.3727664965527,UDP
4.984421989290572,3572.8490189405848,2342.7280652805407,TCP
0.8692028808742369,277.1858645713344,1123.5253476253024,ICMP
5.371065418185478,1585.32894413211,1906.6651372374965,ICMP
5.868411180208791,1389.25159256313,1912.0849543371655,ICMP
7.4543947418433,1864.6683966104436,356.5395989186148,UDP
4.316595462296794,529.4494591428088,3861.0813797377996,ICMP
1.2758030279556376,4691.093332852208,2140.871716329007,ICMP
2.8377590579872445,2813.6309794906438,4128.681445400474,TCP
3.630822963986351,1597.0691222243154,4266.705205487488,TCP
6.459172413316012,2045.2094336639886,1138.7708680234246,TCP
5.707783046689119,2291.2924484736945,3321.03206263363,UDP
3.5609672589784624,3042.9122334670246,2414.1808403986106,ICMP
9.865152487929796,2626.829195712839,4412.768015815277,TCP
6.057748193568871,4605.020668750645,1157.1293279646252,TCP
2.372267917359945,2535.1210662385683,3421.2846815192165,TCP
1.0178247262040374,4961.574272634232,3077.985399038341,ICMP
1.5285913918433203,4271.982292950969,1546.9772401019807,ICMP
2.459577283845081,1121.7015203509454,769.3444278907458,ICMP
1.6068137325955567,4659.91655175519,3293.034826338655,UDP
1.8656702405130576,670.1953496388328,3719.1275448484203,UDP
2.850951686938471,4105.503571606839,1646.573984440415,TCP
1.7337359529475482,1965.0541380352424,3259.6797597093378,ICMP
8.967654246264251,4402.07417018084,2036.141447296366,TCP
0.8023374566164221,4353.477781526507,3594.713728084827,ICMP
5.245113895702547,4049.0344605763435,1076.1548469808604,ICMP
4.103968269896615,3971.1491379046006,4462.053512917254,ICMP
9.823786169086064,1592.9277815803998,1508.3070226813406,UDP
1.1203890216805235,496.5044869511357,1902.1513400051492,UDP
3.9785559904574166,2074.602875949291,384.65056519371393,ICMP
9.69470433275369,950.2701234338925,646.4098403742544,TCP
8.655071258939802,3505.2603356220625,2627.7233232904077,ICMP
8.1707207094928,1795.888660035149,1411.2041159670603,ICMP
2.579028270449398,4880.489984213583,4193.853106136752,TCP
1.7088758739006582,3240.763178992127,171.99760440927383,ICMP
6.68643219924431,4130.154761808369,1957.5608384924874,TCP
92.93759891275857,14987.417928701145,35059.86358337109,UDP
5.567628930139298,4323.870963135851,194.70539149624506,UDP
5.7161268946989985,4621.5102335156325,709.4051551025001,TCP
2.7997909366028417,2486.603402212786,2126.8491071013127,UDP
7.694929331919369,3070.6393949797894,2515.0364637924886,UDP
1.8704374855752337,3847.568024424678,2081.0197615488587,TCP
3.2367923640424365,956.7092735760215,2701.59462421926,UDP
4.254364386164168,2562.573774670868,3016.1452070378396,ICMP
5.07610378684455,2053.4488360843343,148.62672352639458,ICMP
2.4240973241508024,817.2325615950207,2374.066281322169,TCP
1.1483682473920354,1900.918669228504,4821.146280349183,UDP
6.1062004244163255,434.04431598891847,2643.258172634789,ICMP
2.8863055324025577,226.47834405248622,3419.957110548871,ICMP
5.812382214226123,762.3148168586315,1628.1329037927278,UDP
15.436271527420232,96385.28093573902,77851.15505897073,UDP
4.811401018548175,2792.694725885583,3887.315261192964,ICMP
5.325894325515859,4832.528589650778,2654.3506335052807,ICMP
0.5182353682242691,2219.2396038176466,4882.4677340681465,TCP
3.366042781939206,1627.8990521177718,715.1960523370016,TCP
1.3441467693897424,2580.095127917196,183.04355795894685,ICMP
6.337497047276774,45072.14548602519,77475.5047521954,TCP
9.899602323899453,617.7569528825452,4055.0621330879244,ICMP
3.2235384497472297,3240.0489419820105,689.0154226908236,ICMP
8.09874445854635,1158.587094297038,1401.3558814971698,TCP
2.5464065476376385,3135.980978999365,186.00658049648166,TCP
6.8150272222392925,3285.9853527509517,1537.212192824767,UDP
7.6022785988968655,844.9217803303758,3888.3951822014906,UDP
5.956387406078443,400.61317284227397,2638.006585791637,UDP
4.715761885501584,3925.7317717353553,1805.6684065246116,ICMP
4.118409141472686,2353.0220764696687,1921.5225450410185,TCP
3.4886826654299528,385.0025979768314,106.63276600579395,ICMP
9.29529144247826,4974.844954131859,1569.0225850696559,TCP
8.306194077877292,383.1247488821965,3267.6478340258595,ICMP
9.650269106665126,3505.6726214069104,4873.55277470015,UDP
1.2429722348554473,4920.026733790727,4250.5980522211075,UDP
7.308674752036443,1271.9825106580356,215.61532676309272,UDP
9.383404568210379,797.0219065672612,4502.9469629067125,ICMP
1.8123306616566015,694.7862031699016,3937.6722251632673,TCP
0.664962673667775,1586.048223081218,3923.843005497804,TCP
7.4112064929005905,595.1244739521687,2344.1792191175005,UDP
5.744731131799119,3491.5905743012463,2050.225935477064,UDP
8.41828776758272,405.2298108373072,1584.2870712826439,UDP
1.397723766262895,2596.1684279339697,421.9048088763923,UDP
7.952673118598902,4983.814583879586,1218.3532811191255,TCP
2.0162732004774453,4088.454320579492,1308.3578113923206,ICMP
1.636559428657045,3114.5752473319535,2471.977641579988,ICMP
1.6426579793099294,1600.6427418543972,3762.4775923238003,ICMP
8.14574720231382,3157.0895978290287,2421.668159149938,ICMP
6.651972206962001,2682.503173167093,383.437802291087,UDP
5.230654247691193,2187.8085810628204,4793.170024842199,UDP
3.5883048412350247,740.4808460269775,4719.34916356115,UDP
8.772005408131083,4444.360654678287,3947.428761427201,ICMP
3.924451074226354,2303.9447792244805,4957.506717664681,UDP
8.16599439471577,1053.6503079217487,2767.963430721288,UDP
4.391349085702184,1902.020819298719,4817.56491624071,TCP
37.69444294249076,42584.71574783485,9409.293980441576,TCP
4.626797856696064,4154.935688277685,1891.8356664807195,UDP
3.0137787416414206,3694.71046475087,1204.3682132331526,TCP
7.476093801762511,3869.593978842565,1059.5821122579232,TCP
5.027203900924792,154.05319570037136,789.9344495741128,UDP
2.322126951468173,2139.1545910808313,3149.826843673384,UDP
8.995745732745684,2458.5863430130858,3928.477093161795,UDP
3.8389122137321143,194.04215643297778,2933.662157159767,UDP
5.435528611139886,1373.0847228506677,820.1172769822274,ICMP
9.06472110964547,3825.4201332984617,4074.5064726740075,ICMP
6.242379959139921,771.8375580720954,3216.1780651022696,UDP
1.1689804070836407,2723.019644117699,2002.0119600222781,TCP
9.398321236134752,1154.4891728844639,3403.2384481267086,UDP
6.277080530714178,159.39179575507703,1373.534398289881,UDP
3.3490561465708613,1281.8871422377533,1791.4418216216316,TCP
13.927207266338726,97635.62798118527,91913.61262693505,ICMP
7.9402518927029595,4027.531848226649,1523.47207778996,UDP
6.200727559285135,4801.925557173064,2402.942513973889,UDP
5.334610919763215,2490.484815239176,4461.691573240471,ICMP
8.938925830509577,637.7073735197672,3567.8346163108845,ICMP
7.885972112245307,2785.0014959710957,404.7958082070435,TCP
1.5167487973275118,2326.4489393438084,821.7849169669547,ICMP
3.1172206779554825,4237.349705424118,138.4237947823924,ICMP
2.4848913981446574,580.6046458427985,3191.5167721229004,ICMP
7.43946292572677,2492.381571406713,2293.5997845110496,TCP
0.3353243473577938,835.2384570005229,757.9467694211501,ICMP
5.698896848713165,1690.912041761294,4793.877193178175,ICMP
7.624586857406905,3713.049679200218,2695.3326473335374,TCP
8.767656367617494,2432.488833906956,1285.277141153157,ICMP
3.4208174871590744,1941.8525972142697,2552.957498658067,ICMP
8.212573046720129,2032.933764993173,3430.139630402028,TCP
1.1063173695520723,2351.2891651893347,473.5721680704659,UDP
8.464522917345182,3946.5810648015786,1446.0486937346707,TCP
1.2748866233198242,4471.214975807148,4054.1309053315686,ICMP
3.9728729056036727,4781.139963869248,2352.3578649730403,ICMP
7.972953657795536,3955.826592650946,2778.227995958245,ICMP
1.4991742734877378,1645.4937891652623,2220.7984108263995,TCP
2.2925139523264146,3471.8600598240564,315.1097189507251,ICMP
7.222525683930662,2244.2553078714204,912.173921118764,ICMP
7.200365365460744,1347.8860480256508,2283.154029835265,TCP
6.411476328852973,4220.270739187021,1125.0087804988464,UDP
69.39484444671001,5765.78219830785,6897.944808648516,UDP
5.427244433475962,4518.633761463575,4233.883353853937,ICMP
2.5179905890695276,2361.2395766611976,4907.843392904168,TCP
3.4569599350391944,3222.2872363605743,3986.400082584023,ICMP
1.8159771680142567,3330.834218808335,4283.546116352868,TCP
9.084505613336283,4486.076929462029,1285.6879385535224,TCP
5.833917947661204,3219.681442619316,4807.072180014678,UDP
4.008514167636399,3108.274565324303,1064.935951821799,UDP
4.620058036441327,426.5949987473808,4762.006070772978,TCP
94.72833396118153,52803.98615063,99492.29080866321,ICMP
1.533514031160802,835.8281040035041,3587.441748155639,UDP
5.862298320167972,3713.4254667352793,4907.6042857799275,ICMP
5.05888678884466,2609.887411982105,2890.744919878808,UDP
6.1145423543464785,3433.1161181209313,1371.7547375628426,UDP
0.18110183820840509,304.1972129516829,2241.2798397615425,ICMP
8.721239089441514,515.4808786244357,3008.448583356051,UDP
9.321182824836123,3609.984601507143,458.0996539323734,UDP
5.65133183589209,453.2132463934995,3149.481996624506,ICMP
6.966508238768922,449.15796604976714,4907.771400135243,UDP
9.224993811772958,159.3315286509485,1031.5274839402655,UDP
7.072386343133986,4786.856851667452,3983.7160698130783,UDP
1.5253904291426135,3713.7909613491342,4548.704089520134,ICMP
5.762883601668132,1830.9319016601144,4724.137804819082,TCP
6.067150463828559,1553.0243483095105,4804.664461586692,ICMP
4.24130671302386,1813.5458257546627,2655.1522297352126,TCP
7.3644423562472285,3895.802302787791,4888.808749158368,UDP
9.343670147690148,3340.7159942450307,3810.8200149587506,TCP
9.255685129067764,1007.4582825505929,892.1900375611133,ICMP
4.508393714041321,953.1357431370133,2436.810521693053,ICMP
1.1323804584075525,582.1386835956469,3619.8227593228194,UDP
9.848411989623346,3335.483326536557,1311.9675475135084,TCP
8.388980864459342,3845.426044886506,3239.014399389548,UDP
1.2466268120326685,1398.7274987925198,3366.3423473284342,UDP
9.208418826173723,202.63030905147278,897.2287446619729,ICMP
8.698963620621283,502.641170634494,2868.9180310185056,TCP
5.188380571260721,4842.514170740649,3880.971863795178,TCP
5.912754357449293,1547.6794096393594,2544.5887562261155,TCP
3.9900270387013026,3869.193424406855,159.30527220292637,TCP
0.5476163882203133,3160.8514873858926,144.28849848853167,UDP
3.3519724164590095,1971.5042342991899,1849.4437854530597,UDP
8.028534485980114,1107.86758475822,4638.3509353157315,ICMP
0.04632023004602859,694.7934489810915,1220.516220057683,UDP
3.334991716911442,3113.5635433904463,3208.382075471267,UDP
3.9816869359094333,3895.7055251251613,1188.1717663972709,ICMP
5.373956029379229,3255.13084235154,1676.1829493317882,ICMP
9.198556164127606,2698.480452920876,4255.406239047272,ICMP
3.4634599436596125,305.5609948150177,3671.4210671227397,UDP
3.469532018962277,4845.595010212481,567.4564588347321,UDP
7.3750124810974835,4013.6995391074156,2200.639902833525,ICMP
4.522179408898071,1534.8279798347273,242.9318418617959,ICMP
2.2460482293998196,4901.854613858368,2456.361718354744,ICMP
4.524395161326934,3049.2197892179784,3345.926657335234,UDP
1.4085702037979986,2953.871025215508,680.6628556309427,UDP
1.763869865062233,3765.5585792047073,1515.5362006549117,TCP
4.983677727394797,4077.671961641674,2049.3994649605693,UDP
4.189254495045479,3316.745175924363,4605.702020814644,UDP
9.148459010681,727.6691571943801,4966.949575572524,UDP
3.623938991166331,1757.5107793730422,320.0653650785177,ICMP
5.805883502780435,4647.6098375976435,3828.938825127421,UDP
6.322642879195303,1200.6164980348744,1921.447925371482,ICMP
0.13094456588333636,1923.6184168038153,2023.0451125244522,TCP
6.635373720167106,2217.1767264265604,3795.8983694004114,TCP
1.7803596686975143,2253.084449502816,4600.289517512502,ICMP
9.610703174694551,3103.403954223175,4759.550113062487,ICMP
1.4866272775311296,4721.0716049490675,2927.9006715877717,ICMP
4.146241237270237,1279.3942879792744,1849.8936805724638,UDP
0.8534966807864386,695.3567438744985,3958.9905207080183,TCP
9.968742518459473,1067.6054003136928,1329.9067779852712,ICMP
5.021950103312426,4445.93201102542,2863.962741284237,UDP
5.953850173200438,3264.4729820105094,1857.0344614718786,TCP
0.6707647738842748,1500.9432672718847,3317.492261168593,UDP
7.499604703991778,4098.140000946225,1277.9546731781838,TCP
2.0990559309558576,4320.712982180837,1038.8054341006464,UDP
8.980542894407137,4247.920259582363,4599.371524709642,TCP
2.0513964048200717,4602.7400148338165,598.8380464527309,TCP
1.9068772066366657,1335.9809988494717,2579.193747901165,UDP
0.3654966784809488,3799.7054508567635,1182.1786365187438,ICMP
4.720669451099992,2356.643536643286,290.75682029577047,TCP
5.648411332626164,4225.792909161301,276.4922096279893,ICMP
0.6570863942835237,3669.6043180919046,958.586683318554,UDP
7.755276166950106,3904.5924878486508,4347.174737079401,ICMP
4.532888347480276,3315.1930046372504,1484.1458454874307,ICMP
5.243902693275801,969.4009704015637,4757.249935818949,ICMP
4.407627469382281,2770.631902594998,2949.949235647048,ICMP
4.00763060875326,4924.88172367009,2239.409529866954,ICMP
5.596403313082179,4693.201525835882,2942.4352898803277,TCP
1.552402459307125,311.5513054053572,2631.822087608712,TCP
1.8192813049527112,907.5925970742419,3818.0036434108933,TCP
8.617856210135173,745.4709899273533,1484.2307232669762,UDP
9.461154621336327,3657.301558927948,1829.9469188414816,ICMP
3.7330931627975295,4107.148116299031,4481.062082412928,TCP
2.707446731435538,1146.2056949222924,4737.636914436986,UDP
6.439995432390157,2578.6781954639623,4473.535314683725,TCP
4.087341710980964,4219.44483725488,2155.2951703908366,TCP
0.2538635566034486,3690.727569354628,3923.79096473372,ICMP
1.5615259736619036,2756.9623069100567,2434.045093175384,UDP
7.159722288473976,2992.703683247987,2537.945275515901,ICMP
6.589239419101514,2590.966679889772,1102.9325343806913,ICMP
0.2709599250348349,1557.9874114622207,2996.5384859667306,TCP
2.219721619329494,2868.607765009179,1012.0658989914049,ICMP
2.310747965880714,3475.5379800454443,1724.6670254292494,UDP
6.718927435987284,4379.282287717958,4289.647987937682,ICMP
0.19710537754364155,3217.8276344983155,1114.6714651331906,ICMP
1.0410858198457384,3829.4955315114744,448.67559734982075,ICMP
7.999160853731894,884.3510112774077,438.1372038027999,TCP
1.7854466205433361,2361.6316246569704,4709.844150465228,UDP
6.527461078518747,145.72493715275715,2583.9101460129896,TCP
2.381827810467265,1308.7264361559528,2106.11915190339,TCP
0.9944139275934516,3659.6624040537235,4073.3050469388004,TCP
2.4317219099945406,4959.8687616118805,4195.547046761529,TCP
72.22669318556592,11719.45375954716,34554.72124532925,TCP
85.56964681062858,41346.442954406244,69974.56963243193,UDP
8.302198645669916,4020.3477466258814,3878.5017976742442,ICMP
3.9718352961845484,1099.7746096816045,3307.7883656431773,TCP
6.680851365706461,2819.9162515812027,842.8158665204869,TCP
2.0498429541582097,3692.0493505454065,4391.827109233579,UDP
2.9314773026101326,3118.3287062748773,2741.5633084064425,UDP
8.963358185211197,1021.3211996155391,1484.1148892130182,ICMP
0.13001923510736035,1841.3843865601232,2183.6181086447,UDP
8.550853085446807,78811.59487956893,5681.966859092923,ICMP
2.078862551460273,2815.7099192468813,726.5473259898461,TCP
0.26532203873819715,125.62510636027241,3851.179077527718,TCP
1.8143543508979731,3828.85472413766,100.05701030129408,ICMP
5.830415609696922,273.0256392071715,2141.1725595632315,UDP
4.214245505924979,3754.0955353830377,2660.2998873193833,ICMP
8.926717110769749,1092.1547448096633,367.70865800476423,UDP
8.17443561738441,4794.560052584963,4868.082998564431,TCP
3.4181735169787597,1902.909681380214,1208.0141231233924,UDP
2.594234334312925,1701.9649200565875,1590.5737262177763,ICMP
3.7969240816726693,829.551446628979,1589.318310049634,ICMP
5.902949425148077,1597.4606559020528,1229.0416443750146,TCP
2.6806364082287626,4395.588732958183,107.22172822292593,UDP
6.24148907849134,4982.038254373512,3673.789491031182,UDP
40.941165219124045,38094.33398967113,96750.85898032995,UDP
5.520471808519803,2298.1920916772588,1199.0380680967207,TCP
4.361265291353167,3638.1475971934115,3348.9312398367697,UDP
2.9446575954191765,4442.359324278865,3735.292002097704,ICMP
9.484533069621566,3005.9172375152425,4257.284357543571,UDP
7.636057941597608,2018.4759210713637,2170.8830653666846,TCP
1.4011317576645255,2121.8470201582563,1584.3614376381033,UDP
8.684679758979128,3508.5289178343537,1693.9461567128524,UDP
4.874311982495136,115.76949166096554,3591.844532182713,ICMP
8.945522268940914,3135.987753553219,4102.219385877617,UDP
7.998552559473152,1841.9157511626513,989.9084420073531,ICMP
4.252135044692334,3991.566923257713,1917.6109399730494,ICMP
0.22469308320117398,555.6541351333476,4519.506964070835,TCP
2.686773593849461,2982.1911080471136,4052.7982465042223,ICMP
5.416342146608669,2456.7671604420066,4925.806173536132,ICMP
6.334782198261473,3247.3950769356143,3795.816472442196,TCP
2.578876854332023,417.7826129665449,2026.656485036819,ICMP
1.3935607407282413,2941.9205583978433,2994.125386573725,TCP
8.34930236799299,2851.274481001666,3338.9698458118696,UDP
9.84402180703552,2847.2344626392373,484.43349995390736,TCP
5.256901823026858,3057.0895663226283,2768.0350996089387,ICMP
1.716792858483035,3414.692892409175,3575.6720595157867,TCP
2.7230732651936895,4044.446098435772,919.8743896051958,ICMP
0.18390676547466733,1422.1215286282502,3925.09541538523,UDP
9.14298806560499,4142.742109882304,2960.486624519147,TCP
1.1775108289014113,2541.4528430909227,4765.886749918213,UDP
5.765164755142536,477.5855677582227,307.8692612137693,ICMP
2.74055220687206,386.8995532954981,1400.098074021788,ICMP
5.541780025157934,1737.767761610698,3047.614008569138,UDP
6.514203883518642,3945.995187846191,1553.1435698090604,TCP
8.297418037072017,3567.636580230487,3600.6784039490867,TCP
2.064212717606032,3964.2133268947914,3819.125884357462,ICMP
0.10995828658480478,2634.6183765638857,602.3282239257248,UDP
13.688563006880727,45139.50179963808,52357.737492263244,UDP
9.00018641848105,822.5173808607914,2593.563722396174,TCP
8.738900775625153,1708.1444926856266,1909.4757740561513,TCP
5.974131021703083,2226.694894251989,4671.331826591393,TCP
6.005168604336534,534.1421054301245,4154.780967378783,UDP
6.650366745462555,1180.9985682849351,3516.32597135722,TCP
1.753712786234496,3031.3039409123203,3600.200515101488,TCP
9.144119459249598,3704.74925977203,2362.4091046842836,ICMP
4.187705248920731,4991.9028058254535,4612.873153373222,TCP
38.31385282494975,93445.10647166867,70070.35187082196,TCP
5.189177052828375,3248.5694777224385,3672.0072021135006,UDP
0.46965966775055046,2164.115461140953,4322.2854285579915,UDP
16.628336875607943,64345.38174140681,28859.015755534718,ICMP
7.380336164263705,3949.692928593137,4054.6474289468447,TCP
0.8279866792512647,679.8473355245978,1056.678954486811,ICMP
6.031521094663882,2108.533959511812,1792.1755659999503,UDP
2.4534910968132095,4215.031199614525,1744.4912259222292,ICMP
3.8929561404197655,1980.7814644719156,4894.774795106789,UDP
2.8869373677069987,2902.174129013214,4297.032396364842,ICMP
3.5567271646494913,2980.069868224771,3535.7323217922726,ICMP
7.1904590518424545,1003.9336403548328,3662.5781319154116,TCP
2.9712171562317504,1874.953664096213,2854.1566925725983,ICMP
5.664046402968972,1739.1053148354674,4740.744268831743,TCP
4.760504021990997,228.3638718071175,2531.6678891235715,TCP
6.636711653626481,218.5396430676407,1964.5367783624831,TCP
9.36829739324758,4175.31551401129,898.8731509647959,TCP
7.325720972102503,1438.0469688667808,3952.407696079184,ICMP
2.149403785907568,2638.5859545701956,3698.775267170398,UDP
0.3118313506128467,1563.755310584988,1983.3396887682609,UDP
2.622640442998251,4709.3283010651685,223.44772840022387,UDP
5.9507793070025485,1370.5541184422914,4211.0869058182525,ICMP
0.5142581348425035,2205.3183824207817,155.9481189249608,TCP
4.963662472012364,4376.378227374549,3548.1289201823497,UDP
5.968428489168892,4225.474477279862,4854.25983765768,ICMP
3.3424389081696084,1011.8969474467589,2244.540507926197,TCP
7.7091220374582194,4032.952217998981,1251.3696844801686,UDP
10.65982531337718,46902.314900313475,71077.3589842514,TCP
0.7513778173580876,2466.5474732182406,4103.927895876367,UDP
7.281887562036033,754.0518648381245,2777.5085487814517,UDP
4.954913162061985,494.9474174099108,4838.4728487551165,UDP
6.88402396427736,3666.9026041714496,353.1767361240094,TCP
4.348273386037462,2532.659646540969,2573.4984316921878,ICMP
2.464020332391068,2240.56844281438,3620.4243418804954,TCP
8.191023176741997,3674.590320396744,4326.938308630977,UDP
7.994158789689792,3851.013205056438,978.3524983481713,TCP
6.946964708544268,878.6500215798325,4020.017060642039,ICMP
2.7214513722996267,3090.1032324404423,2808.264671020872,TCP
5.902306668690871,763.2350031606591,2043.1130417508198,ICMP
3.6097389694002677,3781.737921542324,745.4036400375585,ICMP
0.9158207332663415,3319.0802657089835,4339.949218653671,TCP
9.173135754622429,4787.411643308944,870.6387200806053,UDP
1.368186309189614,437.8942801464638,1617.9605101245863,ICMP
9.502373538208024,379.5681336411462,1521.2231066159407,TCP
4.460057729579558,1482.7166659966806,4369.928767535186,ICMP
